eao40.png,0
bihq9.png,0
ay5mr.png,1
k6zri.png,0
baqtd.png,0
6yrj8.png,1
pw97d.png,1
defsh.png,1
0682q.png,1
1zrkx.png,1
gbsrq.png,0
ixduq.png,1
f8gtc.png,1
2l0hi.png,0
p1hnf.png,1
videg.png,1
k6c8o.png,1
j2mz3.png,0
ej05n.png,0
jv73i.png,1
w72qs.png,0
5rplg.png,0
r742x.png,1
hjfqn.png,0
6jitk.png,0
6yjzg.png,0
7ta9c.png,1
ca9xu.png,1
v91lz.png,1
mrbyc.png,1
7681k.png,0
in79h.png,0
9a048.png,0
17eiv.png,1
fyr23.png,0
8m4rh.png,0
5pb32.png,1
fcy0z.png,0
7pmet.png,0
c7nvr.png,1
58j1e.png,0
4opd0.png,0
p7ufv.png,0
rvkxp.png,1
omtks.png,1
5jz61.png,1
73rv2.png,0
ji75n.png,1
3go9p.png,0
27zbi.png,1
pr7te.png,0
k5b3x.png,0
kmn12.png,0
fbxtq.png,1
tvk10.png,1
oqb8p.png,1
nrv7w.png,1
ugove.png,1
8yxgo.png,1
xpdsy.png,1
ftplv.png,0
bu1rx.png,1
xr078.png,1
62yls.png,1
45g1z.png,1
pvzbo.png,1
uaomz.png,0
ryike.png,1
v7zut.png,1
ds3ch.png,0
ih80c.png,1
rx3kg.png,1
6i9wf.png,1
zsx6t.png,1
4cmw3.png,0
uwfqm.png,1
e6rct.png,1
9zud2.png,0
f4dwe.png,0
f54od.png,1
e16v4.png,0
js568.png,1
ncxu6.png,1
r2sev.png,1
jx94o.png,1
nfg3s.png,1
w1j8t.png,1
vm5i0.png,1
ydjpk.png,0
cgjvp.png,1
wzjid.png,1
bwvxj.png,0
dbs8g.png,1
k7rd5.png,1
lj2eb.png,1
068vi.png,1
qrz4l.png,1
zh3gs.png,0
vjoq8.png,1
f51ic.png,0
qf93v.png,1
mrse6.png,1
bzf1h.png,1
uind3.png,0
g60p2.png,1
mu71k.png,0
lxpv4.png,1
qxeuo.png,1
7abx3.png,0
xl1ah.png,0
bfiyh.png,0
oyrbs.png,1
b01tf.png,0
r3owk.png,1
w89lp.png,1
hd4f1.png,0
iue49.png,0
zn3qa.png,1
f8n1h.png,0
qhrpe.png,1
ed0zb.png,0
wiml2.png,0
90kdi.png,1
f8b6t.png,1
q3bs5.png,0
3crxb.png,0
hmvla.png,0
9fxyb.png,0
mnb3x.png,1
cr3fn.png,0
ftgo8.png,1
4smo1.png,1
juqke.png,1
sy2dq.png,0
4bmlq.png,0
w5r6v.png,1
4pi7x.png,0
8t6y5.png,0
7msza.png,1
86afo.png,1
k2fxa.png,0
4l0yj.png,1
j12ps.png,1
slx5c.png,0
6huke.png,0
5kjfp.png,0
w2m71.png,1
ctb7k.png,1
pvqg6.png,0
drh7u.png,0
qyeo0.png,0
x2z8s.png,0
e6j4l.png,1
0cnq1.png,1
ztgke.png,0
y3hv7.png,0
6bexj.png,1
1oe2x.png,0
po76z.png,0
j039l.png,0
l0iqg.png,0
2st8h.png,0
w2erg.png,0
6jsv5.png,0
xvyb4.png,1
45d26.png,0
2e8cs.png,1
u5snh.png,0
27rte.png,1
4qj78.png,0
ktdo7.png,0
u07sa.png,1
gl8fb.png,0
63lfw.png,0
q95fe.png,1
eoa17.png,1
p6mew.png,0
x2e4d.png,1
4ny7k.png,0
mgb3u.png,1
b9ko2.png,0
pbidl.png,0
gcw5a.png,0
tq1pw.png,1
xp9wk.png,1
ychnu.png,1
4orai.png,0
zns7h.png,0
fxcrd.png,1
xrt6i.png,1
k01l5.png,0
956sv.png,1
m64w8.png,1
69ozr.png,0
b6ahx.png,0
a6ezd.png,1
lyfg0.png,0
u12ix.png,0
te4zd.png,1
94rvh.png,1
h5yez.png,0
680qo.png,0
wz1pv.png,0
r4tn2.png,1
p265o.png,0
f7lb3.png,1
e18wb.png,0
71d2j.png,0
x6viw.png,0
hbo9v.png,1
heot2.png,1
eorfy.png,1
cl07h.png,1
taf3q.png,0
086c4.png,1
b3hm5.png,0
azc32.png,0
e930i.png,0
jx2p9.png,0
yax54.png,0
96ypn.png,0
kaq6f.png,0
m8dh1.png,0
md5ow.png,0
kci0y.png,0
h9wuy.png,0
uh7s0.png,1
gsua7.png,1
9hsxt.png,0
jmfc5.png,0
z15tk.png,1
qkh0j.png,0
792ho.png,1
6v81z.png,0
2okbf.png,1
qrj0o.png,1
zvh91.png,0
rw3x7.png,0
pgb02.png,1
a2nuc.png,0
9hfak.png,1
2xgzs.png,1
biv4w.png,0
kbujv.png,0
gpz5m.png,0
0j8kx.png,0
vq3ha.png,1
ebm9r.png,1
7ceao.png,0
5emz9.png,1
6clvt.png,0
tb21y.png,0
19nqd.png,1
tbrgv.png,1
qb8oh.png,0
ev2cy.png,1
nft54.png,0
4ozay.png,1
5ljn8.png,1
c3m0g.png,1
nsxl0.png,1
b9yhl.png,1
b950n.png,0
xkuyb.png,0
0d4cn.png,1
n9hgz.png,1
ri107.png,1
8dym2.png,0
8lnwk.png,0
fu3yp.png,1
w4f05.png,1
g3yot.png,1
ufxh5.png,0
2sd9r.png,1
weavb.png,1
kow91.png,0
hets0.png,1
gse3l.png,0
8ut96.png,1
7lf53.png,1
c5ts6.png,1
k9d2t.png,1
wf0d6.png,1
myfvr.png,1
s8ocp.png,1
l0fa8.png,1
rndk4.png,1
3wx8u.png,1
abcon.png,1
belg4.png,0
iqgkb.png,0
vipzg.png,1
wn2of.png,0
ujgs3.png,1
aq0ci.png,1
9at2u.png,0
uxcqz.png,1
o4jr9.png,1
w7s62.png,0
os38m.png,0
rs94o.png,0
2sode.png,1
2r9xb.png,0
tj4pu.png,0
9up1r.png,1
dsu37.png,1
8bv4d.png,1
d62ki.png,1
jolf9.png,1
